ma_n,pct,final_equity,total_return,cagr,mdd,profit_factor,win_rate,n_trades,n_wins,n_losses,avg_pnl,avg_win,avg_loss,payoff_ratio
120,0.05,22761794.469249547,1.2761794469249548,0.1392076563714988,-0.5176425775741913,1.238444779458511,0.5019762845849802,506,254,252,25220.937686263922,260955.74220078642,-212384.77797519913,1.2286932457619872
30,0.05,16470921.672749745,0.6470921672749745,0.08228363230046187,-0.5927769190375954,1.1871520193192808,0.5127272727272727,275,141,134,23530.624264544527,291111.1557393605,-258027.99467537398,1.1282153942466924
60,0.1,15903598.495499855,0.5903598495499855,0.0762890833845411,-0.5176425775741913,1.2753092350429243,0.5497076023391813,171,94,77,34523.967809940674,290926.7696170203,-278487.2447857151,1.0446682031734593
40,0.05,15399121.099249715,0.5399121099249715,0.07080547078312538,-0.6419641283750022,1.1400981797828929,0.5046728971962616,321,162,159,16819.69189797419,271217.56562808546,-242378.1417138373,1.118985250527654
80,0.1,14851789.30574978,0.48517893057497785,0.06468232186874112,-0.4852113762043267,1.165760714881798,0.5433070866141733,254,138,116,19101.532699802283,247258.17038586867,-252326.19144396632,0.9799148038136853
120,0.2,14331341.80399994,0.43313418039999396,0.058681184367749495,-0.3384768004446944,1.3902411301131565,0.5263157894736842,76,40,36,56991.339526315,385762.1006499991,-308309.5061666673,1.2512170171018409
100,0.2,14247642.20624995,0.4247642206249951,0.057699005064302034,-0.3384768004446944,1.4622061117009248,0.55,60,33,27,70794.0367708325,407199.18360605964,-340367.8093611118,1.1963504550280293
40,0.1,14181703.219749883,0.4181703219749884,0.05692181370241811,-0.573857236960277,1.209981061064342,0.5419847328244275,131,71,60,31921.39862404491,339385.51700352004,-331911.14145833417,1.0225192065332467
100,0.1,13713839.684749722,0.37138396847497224,0.05131826122305716,-0.5420440326362932,1.105491302113821,0.5235109717868338,319,167,152,11642.130673196622,233047.98831287338,-231612.9892335534,1.0061956761754538
10,0.05,13624782.409249859,0.3624782409249858,0.050233451281272545,-0.5142649146336199,1.1470949625906166,0.5106382978723404,141,72,69,25707.67666134652,392600.6529791656,-357137.16819203005,1.0992993391493409
30,0.15,13367321.32399995,0.336732132399995,0.047063395526252716,-0.5420440326362932,1.311529146516113,0.5869565217391305,46,27,19,73202.6374782598,525049.2683518506,-568895.2063947377,0.9229279179187461
30,0.1,12780690.87174991,0.2780690871749909,0.03964384166328694,-0.5639541295750018,1.1552692991846396,0.5247524752475248,101,53,48,27531.592789603066,390368.2440188669,-373100.54294270923,1.0462816294502397
20,0.05,12599421.469249776,0.25994214692497764,0.03729323049298228,-0.6264459695018928,1.0795677455829888,0.5172413793103449,232,120,112,11204.402884697309,293905.8989729156,-291690.0572098224,1.0075965625441228
100,0.25,12404157.736749977,0.24041577367499767,0.03472909047277395,-0.3384768004446944,1.3982382560850102,0.625,24,15,9,100173.23903124903,562742.7416999988,-670775.932083334,0.8389429536510061
100,0.15,12207797.725499881,0.22077977254998804,0.03211606798066624,-0.4527203784250006,1.1100335915883746,0.5140845070422535,142,73,69,15547.871306337192,305103.5452191772,-290793.63877536304,1.0492098331451758
20,0.1,12107636.050499937,0.2107636050499937,0.030769536869904357,-0.4978659529239506,1.1442127499436823,0.5507246376811594,69,38,31,30545.450007245458,440063.2950394727,-471444.1664838718,0.9334367170593197
80,0.2,12030894.000499964,0.20308940004999632,0.029731491982637026,-0.4527203784250006,1.2154189686060437,0.5909090909090909,44,26,18,46156.68182954463,440713.1167211529,-523758.1685694451,0.8414439013426457
80,0.3,11903410.930249983,0.19034109302499824,0.02799472088460564,-0.2554549283346194,1.4509461978099412,0.6,15,9,6,126894.06201666556,680481.9795277765,-703487.8142500008,0.9672974652066274
100,0.3,11903410.930249983,0.19034109302499824,0.02799472088460564,-0.2554549283346194,1.4509461978099412,0.6,15,9,6,126894.06201666556,680481.9795277765,-703487.8142500008,0.9672974652066274
120,0.3,11903410.930249983,0.19034109302499824,0.02799472088460564,-0.2554549283346194,1.4509461978099412,0.6,15,9,6,126894.06201666556,680481.9795277765,-703487.8142500008,0.9672974652066274
30,0.2,11866996.449749982,0.18669964497499825,0.027495753006305357,-0.3384768004446944,1.3365918365879916,0.5882352941176471,17,10,7,109823.32057352836,741376.3325249987,-792395.2679285721,0.9356142856115941
40,0.15,11839000.184249947,0.1839000184249946,0.027111258496748558,-0.5420440326362932,1.1522075533429064,0.5370370370370371,54,29,25,34055.558967591605,480040.95142241265,-483287.4962800008,0.993282373571471
120,0.1,11554336.785999676,0.1554336785999677,0.023157678973389162,-0.4975705570475164,1.0387712229928299,0.5151515151515151,363,187,176,4281.919520660265,222696.77523128258,-227783.86467187584,0.9776670334050164
80,0.25,11530821.36099998,0.15308213609999788,0.022827429686920198,-0.3384768004446944,1.2535738898756428,0.5909090909090909,22,13,9,69582.78913636268,582138.826903845,-670775.932083334,0.8678588468369834
40,0.25,11515161.702749982,0.1515161702749983,0.02260719181384263,-0.3384768004446944,1.2625109769356357,0.5882352941176471,17,10,7,89127.15898529309,728696.4925749988,-824543.3175714293,0.883757683854945
60,0.15,11467953.512499925,0.14679535124999243,0.021941725840703308,-0.4975705570475164,1.1005051177933736,0.5301204819277109,83,44,39,17686.186897589454,365311.6443352262,-374506.63687820587,0.9754477180441264
120,0.25,11445546.64349997,0.1445546643499971,0.021625062341940504,-0.3778290308750005,1.2135094238283195,0.5666666666666667,30,17,13,48184.88811666568,483291.65138235176,-520800.87923076993,0.9279777946922443
60,0.25,11379559.801999982,0.13795598019999833,0.0206894679043228,-0.3384768004446944,1.2335305896752586,0.5555555555555556,18,10,8,76642.21122222125,728696.4925749988,-738425.6404687506,0.9868244717402069
120,0.15,11155217.460749844,0.11552174607498444,0.017474102787651713,-0.4527203784250006,1.0488814495879624,0.5082872928176796,181,92,89,6382.416910220133,269437.62720923824,-265539.82294943894,1.0146787936231376
20,0.15,11029875.401499974,0.10298754014999734,0.01565388190469208,-0.4301803765725408,1.114946495056151,0.5714285714285714,28,16,12,36781.264339284775,624342.6390937489,-746633.9020000007,0.8362098712921132
40,0.2,10670290.202999977,0.06702902029999769,0.010333613159048127,-0.4527203784250006,1.0798287237895388,0.5652173913043478,23,13,10,29143.052304346842,697453.4209615372,-839660.4269500006,0.8306374798381067
60,0.2,10644634.030749973,0.06446340307499732,0.009948277199128386,-0.4527203784250006,1.076202727659176,0.5666666666666667,30,17,13,21487.8010249991,535535.0234411753,-650727.7975192313,0.8229785564452522
30,0.3,10643235.05499999,0.0643235054999991,0.009927243197799696,-0.2554549283346194,1.2412019833173,0.5714285714285714,7,4,3,91890.72214285577,827506.2823124984,-888930.0247500011,0.930901487487975
20,0.25,10643235.05499999,0.0643235054999991,0.009927243197799696,-0.2554549283346194,1.2412019833173,0.5714285714285714,7,4,3,91890.72214285577,827506.2823124984,-888930.0247500011,0.930901487487975
20,0.3,10506210.071499996,0.05062100714999951,0.007855669254979158,-0.19400458335000015,1.260926862014776,0.5,4,2,2,126552.51787499897,1223127.9524999987,-970022.9167500008,1.260926862014776
60,0.3,10352534.592749983,0.03525345927499823,0.005505143718238514,-0.3778290308750005,1.0610787615463346,0.5625,16,9,7,22033.412046873942,680481.9795277765,-824543.3175714293,0.8252834812027048
10,0.2,10314751.461249992,0.03147514612499913,0.004922741842140921,-0.2554549283346194,1.0982837935621421,0.5,8,4,4,39343.93265624903,879306.791999999,-800618.9266875009,1.0982837935621421
10,0.1,10258542.442249967,0.025854244224996714,0.004052986282477411,-0.43642058284278606,1.0244543750500004,0.46875,32,15,17,8079.451320311462,722065.5760166656,-621908.3057647068,1.1610482917233338
10,0.15,10131742.411749987,0.013174241174998658,0.002076109074223176,-0.3384768004446944,1.023427330170978,0.46153846153846156,13,6,7,10134.031673075919,959198.6776666656,-803349.9506071439,1.193998551866141
80,0.15,10073704.699499914,0.007370469949991465,0.001164317960653527,-0.5219714252556104,1.0044614434216752,0.5,100,50,50,737.0469949991442,331881.509409999,-330407.4154200007,1.0044614434216754
30,0.25,9866113.22824999,-0.01338867717500103,-0.0021336191843012164,-0.3384768004446944,0.9737906851216108,0.5454545454545454,11,6,5,-12171.524704546413,829079.8633749988,-1021673.1904000007,0.8114922376013424
20,0.2,9854377.703999989,-0.014562229600001086,-0.00232179575646263,-0.3384768004446944,0.9684682461190827,0.5,10,5,5,-14562.229600001127,894530.4478499986,-923654.9070500009,0.9684682461190827
10,0.3,9376170.166749999,-0.06238298332500014,-0.010155073759219535,-0.062382983325000106,0.0,0.0,1,0,1,-623829.8332500011,0.0,-623829.8332500011,0.0
10,0.25,9319260.963999998,-0.06807390360000021,-0.011109528506400568,-0.19400458335000015,0.7250351884488261,0.25,4,1,3,-170184.75900000054,1794992.4299999997,-825243.8220000006,2.175105565346478
40,0.3,9141330.55174999,-0.08586694482500101,-0.014125674471728855,-0.3778290308750005,0.8319091748088587,0.5454545454545454,11,6,5,-78060.85893181915,708282.7506249988,-1021673.1904000007,0.693257645674049
60,0.05,9047930.055999668,-0.09520699440003322,-0.015728755478487066,-0.6419641283750022,0.9786157732731297,0.5,384,192,192,-2479.348812500864,226927.06043098876,-231885.75805599024,0.9786157732731297
100,0.05,5591579.3294995725,-0.4408420670500427,-0.08800102911548058,-0.698196087961769,0.9177657699470362,0.4852941176470588,476,231,245,-9261.387963236191,212985.61650649252,-218808.56360612318,0.973387937822614
80,0.05,5087762.251999607,-0.4912237748000393,-0.10154511089835294,-0.7003671040750381,0.9033890475955546,0.4885844748858447,438,214,224,-11215.154675799984,214641.68168341025,-226989.09655468818,0.9456034890719824
